<?xml version="1.0"?>
<pagescount>
	<html_total>10</html_total>
	<html_done>1</html_done>
	<img/>
	<js/>
	<css/>
	<pdf/>
	<doc/>
	<xls/>
	<ppt/>
	<swf/>
	<mp3/>
	<mp4/>
	<xml/>
	<json/>
	<txt/>
	<fonts/>
	<scraping_reload>1</scraping_reload>
	<is_pretty_url>false</is_pretty_url>
	<is_ebn>false</is_ebn>
	<theme_name>357482</theme_name>
	<server_url_front_page>https://www6.waybackmachinedownloader.com/wdo/files/demo/oo.com.tw_jzsyuan_gmail.com_ys9jzdc0vy/</server_url_front_page>
	<no_www_url>oo.com.tw</no_www_url>
	<hosted_domain/>
	<original_archive_url>https://oo.com.tw/news/index</original_archive_url>
	<final_archive_url>https://oo.com.tw/news/index</final_archive_url>
	<front_page_code_date/>
	<total_urls_from_api/>
	<search_url_added>false</search_url_added>
	<total_size>8</total_size>
</pagescount>
